﻿Designator,Footprint,Quantity,Value,LCSC Part #
A1,Arduino_Nano,1,Arduino_Nano_v3.x,
C5,C_Disc_D5.0mm_W2.5mm_P5.00mm,1,100nF,
C6,CP_Radial_D5.0mm_P2.50mm,1,10uF,
J1,PinHeader_1x05_P2.54mm_Vertical,1,GPS Module,
J2,PinHeader_1x05_P2.54mm_Vertical,1,KY-040 Rotary Encoder,
J5,TerminalBlock_MaiXu_MX126-5.0-02P_1x02_P5.00mm,1,+12V,
J6,TerminalBlock_TE_282834-3_1x03_P2.54mm_Horizontal,1,RES BAND RST,
J7,TerminalBlock_TE_282834-3_1x03_P2.54mm_Horizontal,1,IF DF GND,
JP1,PinHeader_1x16_P2.54mm_Vertical,1,1x16_Pin,
R1,TrimpotBlue_White_5.08x5.08,1,10k,
SW1,SW_PUSH_6mm_H8mm,1,Resolution,
SW2,SW_PUSH_6mm_H8mm,1,Band,
SW3,SW_PUSH_6mm_H8mm,1,Reset,
SW4,SW_PUSH_6mm_H8mm,1,Increase Freq,
SW5,SW_PUSH_6mm_H8mm,1,Decrease Freq,
U$1,si5351,1,SI5351,
U1,TO-220-3,1,L7805CV,L7805CV
